id,x1,x2,label
0,0.947642,-0.662440,1
1,0.410459,-0.074062,1
2,1.516199,0.047300,1
3,0.794305,-1.098021,1
4,-0.206132,0.830644,0
5,1.154032,0.195156,0
6,0.710674,-0.641219,1
7,1.864454,-0.069172,1
8,0.687238,0.549574,0
9,0.009028,1.038436,0
10,0.157755,0.203900,1
11,-0.275927,0.072395,1
12,0.920438,0.070417,0
13,1.925691,-0.280984,1
14,-0.707827,0.269664,0
15,-0.376898,0.804166,0
16,-0.189397,0.566292,0
17,1.402980,-0.465230,1
18,0.568998,-0.443260,1
19,1.509160,-0.138547,1
20,0.888249,0.549481,0
21,1.277561,-0.111412,1
22,-0.941820,0.284180,0
23,0.219553,-0.504155,1
24,-1.025806,0.282263,0
25,1.194297,-0.733997,1
26,0.746509,-0.503118,1
27,0.720850,0.239432,0
28,-0.613084,0.459184,0
29,-0.088754,0.855942,0
30,0.924494,-0.678650,1
31,0.098445,0.083999,1
32,0.198024,0.915877,0
33,-0.716579,0.238253,0
34,1.179716,0.805608,0
35,-0.938393,-0.211241,0
36,0.850385,0.645893,0
37,1.329556,-0.271149,1
38,1.945140,0.070128,1
39,1.050809,-0.514677,1
40,0.208270,0.257142,1
41,-0.249916,1.073034,0
42,0.614813,-0.452422,1
43,0.156634,0.497303,0
44,0.818315,0.874192,0
45,-0.232933,0.314207,1
46,-1.049505,0.175073,0
47,1.447612,-0.462412,1
48,0.581106,0.558536,0
49,0.735647,-0.897059,1
50,1.073597,-0.326641,1
51,0.172092,1.010043,0
52,0.796262,0.831207,0
53,1.937536,0.184916,1
54,1.806393,-0.133550,1
55,2.039487,0.434879,1
56,2.138340,0.215916,1
57,-0.205183,1.112465,0
58,1.212289,0.753334,0
59,0.665717,-0.426559,1
60,1.596321,-0.555897,1
61,1.727363,-0.520257,1
62,0.875322,0.742738,0
63,-1.029262,0.506081,0
64,-0.644494,1.109712,0
65,2.196587,0.616655,1
66,0.834560,0.031951,0
67,0.433935,-0.451663,1
68,1.845324,0.065974,1
69,0.078519,0.224542,1
70,0.402838,-0.540377,1
71,1.710477,-0.150677,1
72,0.165089,0.934064,0
73,-1.048923,0.340698,0
74,1.209259,-0.389932,1
75,0.717728,0.286127,0
76,0.217662,-0.502640,1
77,0.389819,0.714693,0
78,1.804440,0.454687,1
79,1.201952,-0.338081,1
80,-0.752953,0.228848,0
81,-0.084135,1.258327,0
82,1.143191,-0.199762,1
83,2.308649,0.333691,1
84,1.037830,-0.764599,1
85,1.806049,0.041075,1
86,0.547924,0.967342,0
87,-1.127111,0.866093,0
88,-0.980524,0.323371,0
89,-0.230870,0.793409,0
90,1.815884,0.064305,1
91,-0.751521,0.546772,0
92,2.012606,-0.085901,1
93,-0.083012,0.692609,0
94,0.852671,0.132213,0
95,0.568234,-0.435932,1
96,1.172433,0.300115,0
97,-0.346789,0.864684,0
98,-0.177949,0.084746,1
99,1.828367,-0.047601,1
100,1.619754,-0.202031,1
101,1.311504,-0.461867,1
102,-0.585170,1.168372,0
103,2.164278,0.636127,1
104,0.115471,1.266935,0
105,0.111400,0.257487,1
106,-0.763626,0.680189,0
107,-0.471232,0.728281,0
108,0.159986,0.221510,1
109,-1.075619,0.304977,0
110,0.928926,0.330632,0
111,0.808451,-0.023076,0
112,0.743697,-0.393245,1
113,0.972561,-0.619717,1
114,0.073894,1.100562,0
115,0.570224,-0.023241,0
116,-0.506156,0.775889,0
117,0.220519,0.936144,0
118,1.371622,0.264711,0
119,-0.474275,0.668910,0
120,0.696246,0.933500,0
121,1.953565,0.528656,1
122,0.389688,0.024467,1
123,1.864297,-0.203606,1
124,0.943029,0.502467,0
125,0.853891,0.566802,0
126,0.449930,0.735177,0
127,1.058501,0.411075,0
128,1.116019,-0.405684,1
129,0.585136,-0.551025,1
130,1.872374,-0.028745,1
131,-0.213926,-0.097805,1
132,0.182108,0.203733,1
133,0.393324,-0.086031,1
134,-0.052017,0.666244,1
135,1.498564,0.141921,1
136,0.643772,0.325604,0
137,0.523340,-0.055983,1
138,0.864536,0.848307,0
139,-0.619845,0.694872,0
140,-0.592324,-0.012066,0
141,0.593389,0.487177,0
142,-0.982110,0.154298,0
143,-0.107347,0.053976,1
144,1.020519,0.521426,0
145,1.564214,0.155251,1
146,-0.697100,1.085123,0
147,0.393777,0.461128,0
148,0.632997,-0.290015,1
149,-0.132646,0.659067,1
150,1.669249,0.627761,1
151,0.830297,0.378389,0
152,1.206628,-0.268337,1
153,0.954077,0.127989,0
154,-0.034297,1.131908,0
155,0.983539,-0.514435,1
156,0.338434,-0.041851,1
157,-0.414474,0.727083,0
158,1.078210,0.037521,0
159,2.129271,0.301665,1
160,1.549778,-0.668880,1
161,0.246450,0.622224,0
162,-0.076680,-0.439578,1
163,0.718071,0.611493,0
164,1.293087,-0.159941,1
165,0.597728,0.666288,0
166,0.328028,-0.492516,1
167,0.865310,0.473295,0
168,1.185175,-0.477330,1
169,-1.273918,0.039815,0
170,0.384519,0.570245,0
171,0.259143,1.084404,0
172,-0.404441,0.274777,0
173,1.158752,-0.746177,1
174,0.046971,0.898137,0
175,2.008820,0.169712,1
176,1.922167,-0.073574,1
177,1.525965,-0.081161,1
178,-0.717462,0.820740,0
179,-0.167736,-0.524587,1
180,-0.581257,0.640097,0
181,0.609195,-0.031851,1
182,-1.066355,-0.158198,0
183,0.383520,-0.423173,1
184,0.044337,0.281096,1
185,-0.131074,1.328522,0
186,0.051936,0.831962,0
187,1.230233,0.035252,0
188,2.639844,-0.077417,1
189,-0.773602,0.564962,0
190,0.182286,-0.482026,1
191,-1.382999,0.082975,0
192,0.566356,0.872494,0
193,1.130738,0.383019,0
194,0.324013,0.073666,1
195,1.653609,-0.018837,1
196,0.053687,1.134540,0
197,-0.889183,0.291558,0
198,1.350056,-0.542242,1
199,1.284352,-0.730831,1
200,2.214969,-0.163639,1
201,0.217711,1.312140,0
202,-1.224424,0.291164,0
203,1.638797,-0.098293,1
204,0.965959,-0.112126,1
205,0.621346,0.886217,0
206,1.162728,-0.044141,1
207,-0.035236,0.225967,1
208,1.649668,-0.193333,1
209,0.121451,-0.375746,1
210,0.848060,-0.035179,1
211,0.081194,-0.003160,1
212,0.674533,-0.626158,1
213,-0.046169,1.117185,0
214,1.768468,0.365346,1
215,0.636827,-0.244799,0
216,-1.110219,0.202487,0
217,1.062820,-0.061491,0
218,-0.364256,0.237802,1
219,-0.890623,0.383119,0
220,0.371170,0.017842,1
221,0.809705,0.402409,0
222,1.798634,-0.270879,1
223,2.572594,-0.113692,1
224,1.226599,-0.259742,1
225,-0.451964,1.046382,0
226,-0.733059,0.582462,0
227,-0.196728,0.063066,1
228,1.073396,-0.372495,1
229,-1.116320,-0.133716,0
230,1.204630,0.589009,0
231,0.539033,0.475326,0
232,1.822263,-0.671027,1
233,-0.057514,0.145979,1
234,0.944955,-0.251263,1
235,0.525281,0.988888,0
236,1.849747,0.393472,1
237,0.161627,-0.112115,1
238,0.460493,0.137709,1
239,-0.385037,0.616450,0
240,0.858078,0.197711,0
241,-0.254777,0.907766,0
242,1.351466,-0.430335,1
243,2.006512,0.714826,1
244,0.044123,1.391123,0
245,0.670684,-0.195739,1
246,1.264961,-0.388971,1
247,1.793117,-0.379235,1
248,1.776956,-0.298947,1
249,0.602140,-0.481127,1
250,1.645434,0.460550,1
251,-0.927042,0.100663,0
252,0.829867,0.681526,0
253,0.552365,0.382259,0
254,0.988915,-0.412308,1
255,-0.785067,0.606341,0
256,0.359632,1.017169,0
257,-0.348878,0.871768,0
258,0.678350,-0.179091,1
259,0.081598,0.942069,0
260,0.509690,0.849743,0
261,1.242295,-0.446499,1
262,0.730715,-0.436383,1
263,0.740401,-0.155554,1
264,1.431427,0.478985,0
265,-0.038821,0.320425,1
266,-0.503685,1.056823,0
267,-0.898859,0.459914,0
268,-0.999198,0.847481,0
269,-0.777177,0.770644,0
270,0.074674,0.136351,1
271,0.661666,0.130891,1
272,-0.994692,0.535518,0
273,-0.017979,0.992714,0
274,-0.021839,0.934985,0
275,1.848969,-0.232690,1
276,1.565781,-0.367733,1
277,-0.886385,0.756116,0
278,0.827013,-0.606077,1
279,1.124815,-0.471740,1
280,1.403401,-0.342627,1
281,0.872344,0.534882,0
282,-0.350345,0.458166,1
283,0.517945,1.029294,0
284,0.499269,0.190771,1
285,1.679111,-0.221114,1
286,0.656827,0.162409,0
287,0.667591,-0.048007,1
288,0.396902,1.106664,0
289,0.945127,0.043356,0
290,-0.613589,0.282746,1
291,0.833297,0.706287,0
292,0.820876,1.060176,0
293,0.919820,1.026164,0
294,1.071455,-0.630429,1
295,-0.178764,1.006042,0
296,0.019417,-0.163973,1
297,0.227206,-0.619117,1
298,1.409189,-0.187366,1
299,0.484071,1.149845,0
300,0.504922,-0.580053,1
301,1.725571,-0.000615,1
302,0.234183,1.400494,0
303,1.947788,0.258554,1
304,0.684019,0.086507,0
305,-0.095695,0.320092,1
306,1.946595,0.756360,1
307,0.456555,-0.085002,1
308,-1.095135,0.677436,0
309,2.203099,0.379745,1
310,1.189907,-0.585682,1
311,0.851840,-0.354360,1
312,0.212259,1.063712,0
313,0.177754,0.006053,1
314,0.723734,0.431575,0
315,2.015138,-0.090326,1
316,2.045007,0.355971,1
317,-0.478755,0.844491,0
318,-0.093240,1.066398,0
319,-0.665072,0.789360,0
320,0.860615,-0.437974,1
321,-0.620752,0.838103,0
322,-1.207298,0.695942,0
323,0.204356,0.726252,0
324,0.638613,0.666129,0
325,0.844575,0.844595,0
326,1.641466,0.226688,1
327,0.281756,1.028661,0
328,-1.171563,0.650788,0
329,0.361807,-0.269339,1
330,-1.337387,0.444897,0
331,-0.978735,0.342041,0
332,1.313206,-0.013452,1
333,0.447055,1.179205,0
334,-0.301605,0.316519,1
335,1.954909,0.558255,1
336,0.235661,-0.430040,1
337,-0.873472,0.777322,0
338,-0.516152,0.446963,0
339,-0.082173,0.962561,0
340,0.147688,0.382880,1
341,0.660975,-0.386063,1
342,0.759280,-0.031384,1
343,-1.107716,0.009017,0
344,-0.029069,1.226313,0
345,0.396743,-0.218170,1
346,-0.468390,1.409668,0
347,-0.390395,0.917588,0
348,1.384996,-0.430430,1
349,-0.325158,0.637864,0
350,-0.050082,1.148437,0
351,1.221776,-0.318891,1
352,-0.064908,0.150871,1
353,-0.006701,1.145167,0
354,0.410877,0.060744,1
355,-0.735250,0.990764,0
356,-0.344123,0.859331,0
357,1.343961,-0.650976,1
358,1.822677,-0.701298,1
359,-1.024343,0.114952,0
360,2.245777,0.114874,1
361,0.402379,-0.083049,1
362,1.783738,0.613917,1
363,1.045866,-0.739126,1
364,-0.511956,0.819178,0
365,1.848978,0.008564,1
366,1.812567,-0.242838,1
367,-0.334710,0.756091,0
368,1.863096,0.130073,1
369,-0.821162,-0.062646,0
370,0.373638,-0.409292,1
371,-0.563108,0.177586,0
372,0.646936,0.436380,0
373,-1.500544,0.264168,0
374,2.004707,0.119953,1
375,0.363366,0.264099,1
376,1.124990,0.182143,0
377,-0.695073,0.831047,0
378,1.963473,0.351622,1
379,2.024073,0.838878,1
380,0.295020,1.043376,0
381,-0.859846,0.340647,0
382,-0.844970,0.497820,0
383,-0.001134,0.949135,0
384,-0.840163,0.600495,0
385,1.000223,0.640157,0
386,1.518313,0.356475,1
387,0.091838,0.759499,0
388,0.995918,-0.400560,1
389,-0.610098,0.700363,0
390,0.484782,0.995045,0
391,0.257194,0.156369,1
392,-0.466160,0.739293,0
393,0.813589,0.745199,0
394,0.875414,0.722389,0
395,0.952353,0.580500,0
396,1.489181,-0.123765,0
397,0.802241,0.272762,0
398,0.531341,0.565766,0
399,0.704221,0.830470,0
400,0.064121,0.957389,0
401,-0.159625,-0.109084,1
402,-0.697109,0.859731,0
403,0.962411,-0.106705,0
404,-1.171016,0.191742,0
405,1.821053,-0.127673,1
406,0.618812,0.086178,0
407,-0.113723,0.931583,0
408,1.787462,0.000121,1
409,1.660502,-0.358014,1
410,-0.037837,0.130207,1
411,1.011175,0.268157,0
412,0.868765,0.810255,0
413,1.571016,-0.699339,1
414,0.944558,0.222866,0
415,0.931884,0.296750,0
416,-0.251419,0.387271,1
417,0.923784,0.271259,0
418,0.955004,-0.621536,1
419,0.870586,-0.287101,1
420,1.454178,-0.365750,1
421,-0.005723,0.335963,1
422,0.358748,-0.563170,1
423,0.722829,-0.763690,1
424,-0.655374,0.629486,0
425,0.563553,0.062259,1
426,2.317594,0.728496,1
427,-0.047365,0.041237,1
428,0.190222,0.309273,0
429,0.600049,-0.293871,1
430,-0.307121,0.339946,1
431,1.822187,-0.281662,1
432,-0.358591,1.094339,0
433,-0.935390,0.196198,0
434,1.437083,-0.157695,1
435,-1.420315,0.152954,0
436,0.865699,0.305922,0
437,-1.039567,0.289793,0
438,1.828632,0.453343,1
439,0.701211,-0.505562,1
440,0.023711,0.236717,1
441,0.127139,0.526194,1
442,-0.412826,1.050526,0
443,0.606236,0.611909,0
444,1.398520,0.263241,0
445,0.542502,0.074700,1
446,0.936774,-0.212556,1
447,-0.476047,1.115858,0
448,-0.742482,1.027957,0
449,0.283163,1.008363,0
450,-1.288494,0.124751,0
451,0.429752,1.269392,0
452,-0.772700,0.860752,0
453,2.018601,0.102337,1
454,1.822223,0.408911,1
455,2.188610,-0.243788,1
456,1.002564,-0.149160,1
457,-0.946281,0.874633,0
458,0.750357,-0.745041,1
459,-0.438889,0.812059,0
460,1.015645,0.385569,0
461,0.481701,0.251408,1
462,-0.422916,1.023533,0
463,1.872340,0.414251,1
464,1.301213,0.101673,1
465,0.189722,-0.134636,1
466,-0.327515,0.939450,0
467,0.739106,0.498378,0
468,0.578241,1.024440,0
469,0.522463,-0.227690,1
470,-1.382410,0.532727,0
471,0.748055,-0.338671,1
472,0.745002,1.057595,0
473,0.838108,0.097642,0
474,0.108835,0.986267,0
475,0.355980,-0.294065,1
476,0.395859,-0.098551,1
477,1.897513,0.168016,1
478,0.941978,0.707146,0
479,-0.342535,1.117941,0
480,0.510710,0.307744,1
481,-0.762348,1.002094,0
482,-0.827189,0.774351,0
483,1.249572,-0.549505,1
484,1.693352,-0.721293,1
485,0.320211,-0.299291,1
486,-0.652041,0.743083,0
487,-1.225764,0.453273,0
488,-0.015209,0.112298,1
489,0.355867,1.027183,0
490,-0.362757,0.932881,0
491,0.059319,1.297454,0
492,0.226853,0.020324,1
493,0.084461,-0.140046,1
494,0.051518,0.087485,1
495,1.657276,-0.407437,1
496,1.419838,-0.340435,1
497,0.779711,0.656208,0
498,0.672685,0.952198,0
499,-0.469862,1.145366,0
500,0.076028,1.037041,0
501,0.692813,-0.301652,1
502,0.122778,1.367462,0
503,0.899044,-0.473311,1
504,-0.778913,0.675530,0
505,0.116236,0.866156,0
506,0.122119,-0.222546,1
507,0.463847,0.016630,1
508,0.098818,0.497265,1
509,0.369415,-0.252519,1
510,1.745239,0.023478,1
511,1.111921,-0.176402,0
512,-0.845119,0.197849,0
513,0.344577,0.624508,0
514,-0.347578,0.828674,0
515,1.614056,0.312917,1
516,2.279974,0.016645,1
517,0.353514,0.357859,1
518,0.725910,0.878591,0
519,0.342133,1.067010,0
520,-1.249269,0.574756,0
521,-0.065580,0.763391,0
522,1.715810,0.195381,1
523,1.671489,-0.010241,1
524,1.409919,-0.193006,1
525,1.500252,-0.590231,1
526,-0.790613,0.672036,0
527,-0.024515,-0.563959,1
528,0.187423,0.274449,1
529,-0.030767,1.247048,0
530,0.229049,0.512219,1
531,-0.380602,1.014770,0
532,-0.042260,0.296096,1
533,-0.594168,0.588678,0
534,0.687237,0.879076,0
535,1.855149,-0.294184,1
536,0.719873,-0.379381,1
537,-0.916082,0.102504,0
538,-0.347303,0.723179,0
539,1.622074,-0.032575,1
540,0.170458,0.802652,0
541,0.102517,0.330070,1
542,0.591376,-0.650565,1
543,-0.446489,0.562813,0
544,-0.074280,1.322341,0
545,0.809197,0.408435,0
546,-0.913932,0.201406,0
547,1.247956,-0.688655,1
548,-0.056530,-0.001966,1
549,1.013554,0.421581,0
550,-0.306404,0.721140,0
551,0.811382,0.415153,0
552,1.025309,-0.031617,0
553,1.341296,-0.763978,1
554,-0.955034,0.420311,0
555,0.304836,0.248431,1
556,1.065794,0.534129,0
557,0.413086,0.178114,0
558,1.562370,-0.223363,1
559,1.694798,-0.558267,1
560,2.030044,0.288810,1
561,0.924267,-0.499058,1
562,0.361760,-0.391207,1
563,0.466185,0.784065,0
564,2.317708,0.101609,1
565,1.025464,-0.839236,1
566,1.155137,-0.492903,1
567,-1.050360,0.844576,0
568,-0.707049,1.247056,0
569,0.476906,0.407722,1
570,1.733642,-0.412681,1
571,0.066567,0.376094,1
572,1.735255,-0.464033,1
573,0.069005,0.493378,1
574,0.863482,0.423729,0
575,0.517071,-0.297315,1
576,0.212103,0.876122,0
577,0.542149,0.728520,0
578,1.265679,-0.436779,1
579,1.792144,-0.390565,1
580,-0.839622,1.287148,0
581,2.577569,0.403975,1
582,1.628989,0.063236,1
583,0.503216,-0.496734,1
584,1.324261,-0.192269,1
585,-0.909705,0.307156,0
586,0.888561,-0.064644,1
587,0.261285,0.094461,1
588,-0.457355,0.385012,0
589,-0.850973,0.362071,0
590,-0.486700,0.797775,0
591,-0.731468,0.136909,0
592,0.573506,-0.328956,1
593,1.849464,-0.653564,1
594,1.975224,0.199501,1
595,0.301485,0.526291,0
596,-0.085181,0.916878,0
597,0.997774,0.937420,0
598,-0.668946,0.726492,0
599,0.670863,0.505446,0
